<?xml version="1.0" encoding="UTF-8"?>

<process name="riskAssessAndIdentifySub" xmlns="http://jbpm.org/4.4/jpdl">
   <on event="start">
      <event-listener class="com.fhd.ra.business.assess.formulateplan.AssessEmpEventListener"/>
   </on>
   
  <description>simple</description>
  <start g="251,20,48,48" name="start1">
     	<transition to="风险评估foreach"/> 
  </start>
  <foreach g="349,19,48,48" in="#{riskTaskEvaluators}" name="风险评估foreach" var="riskTaskEvaluator">
     	<transition to="风险评估"/>
  </foreach>
   
  <!-- 风险评估 -->
  <task assignee="#{riskTaskEvaluator.riskTaskEvaluatorId}" form="FHD.view.risk.assess.quaAssess.QuaAssessManNew" g="433,18,208,52" name="风险评估">
  	  	<description>{rate:{taskRate:50,finishRate:70,parentFinishRate:80}}</description>
     	<transition to="join2"/>
  </task>
  
  <join g="512,111,48,48" multiplicity="#{joinCount}" name="join2">
     <transition to="评估任务审批"/>
  </join>
  
  <!-- 评估任务审批 -->
  <task assignee="#{approvePerson}" form="FHD.view.risk.assess.AssessApproveSubmitSecrecy" g="432,205,208,52" name="评估任务审批">
	<description>{rate:{taskRate:70,finishRate:80}}</description>
     	<transition to="end1"/>
  </task>
   
   <end g="252,208,48,59" name="end1"/>
</process>