<?xml version="1.0" encoding="UTF-8"?>

<process name="riskIdentifySub_dept" xmlns="http://jbpm.org/4.4/jpdl">
   <on event="start">
      <event-listener class="com.fhd.ra.business.riskidentify.RiskIdentifyTaskListener"/>
   </on>
   
  <description>simple</description>
   <start g="84,29,48,48" name="start1">
      	<transition to="风险辨识foreach"/> 
   </start>
   <foreach g="197,28,48,48" in="#{riskTaskEvaluators}" name="风险辨识foreach" var="riskTaskEvaluator">
      	<transition to="风险辨识"/>
   </foreach>
   
   
   <task assignee="#{riskTaskEvaluator.riskTaskEvaluatorId}" form="FHD.view.risk.riskidentify.identify.IdentifyMain" g="310,26,208,52" name="风险辨识">
   	  	<description>{rate:{taskRate:50,finishRate:70,parentFinishRate:80}}</description>
      	<transition to="join2"/>
   </task>
   
   <join g="580,27,48,48" multiplicity="#{joinCount}" name="join2">
      <transition to="辨识汇总"/>
   </join>
   
   <!-- 辨识汇总 -->
   <task assignee="#{approvePerson}" form="FHD.view.risk.riskidentify.collect.RiskIdentifyCollectMain" g="714,25,208,52" name="辨识汇总">
		<description>{rate:{taskRate:70,finishRate:80}}</description>
      	<transition to="end1"/>
   </task>
   
   <end g="972,30,48,59" name="end1"/>
</process>