<?xml version="1.0" encoding="UTF-8"?>

<process name="contingencyPlanSub" xmlns="http://jbpm.org/4.4/jpdl">
   <on event="start">
      <event-listener class="com.fhd.ra.business.riskidentify.RiskIdentifyTaskListener"/>
   </on>
   
  <description>complex</description>
   <start g="102,41,48,48" name="start1">
      	<transition to="应急预案foreach"/> 
   </start>
   <foreach g="215,40,48,48" in="#{riskTaskEvaluators}" name="应急预案foreach" var="riskTaskEvaluator">
      	<transition to="应急预案"/>
   </foreach>
   
   <task assignee="#{riskTaskEvaluator.riskTaskEvaluatorId}" form="FHD.view.risk.contingencyPlan.ContingencyPlanMain" g="328,38,208,52" name="应急预案">
   	  	<description>{rate:{taskRate:40,finishRate:50,parentFinishRate:80}}</description>
      	<transition to="join2"/>
   </task>
   
   <join g="598,39,48,48" multiplicity="#{joinCount}" name="join2">
      <transition g="695,63:" to="预案审批"/>
   </join>
   
   <!-- 预案审批 -->
   <task assignee="#{approvePerson}" form="FHD.view.risk.contingencyPlan.approve.ContingencyPlanApprove" g="725,39,208,52" name="预案审批">
		<description>{rate:{taskRate:50,finishRate:80}}</description>
      	<transition to="预案单位主管审批"/>
   </task>
   
   <!-- 单位主管审批 -->
   <task assignee="#{approveOne}" form="FHD.view.risk.contingencyPlan.companyManagerApprove.CompanyManagerApproveMain" g="552,143,208,52" name="预案单位主管审批">
      <description>{rate:{taskRate:60,finishRate:80}}</description>
      <transition to="预案单位主管审批decision"/>
   </task>
   <decision g="807,253,48,48" name="预案单位主管审批decision">
      	<transition to="预案单位领导审批">
			<condition expr="#{path=='yes'}"/>
		</transition>
      	<transition to="预案审批">
			<condition expr="#{path=='no'}"/>
		</transition>
   </decision>
   
   
   
   <!-- 单位领导审批 -->
   <task assignee="#{approveTwo}" form="FHD.view.risk.contingencyPlan.companyLeadApprove.CompanyLeadApproveMain" g="320,256,208,52" name="预案单位领导审批">
      <description>{rate:{taskRate:70,finishRate:80}}</description>
      <transition to="预案单位领导审批decision"/>
   </task>
   <decision g="399,147,48,48" name="预案单位领导审批decision">
      	<transition to="预案业务分管副总审批">
			<condition expr="#{path=='yes'}"/>
		</transition>
      	<transition to="预案单位主管审批">
			<condition expr="#{path=='no'}"/>
		</transition>
   </decision>
   
   
   <!-- 业务分管副总审批 -->
   <task assignee="#{approveThree}" form="FHD.view.risk.contingencyPlan.presidentApprove.PresidentApproveMain" g="101,145,208,52" name="预案业务分管副总审批">
      <description>{rate:{taskRate:75,finishRate:80}}</description>
      <transition to="预案业务分管副总审批decision"/>
   </task>
   <decision g="181,260,48,48" name="预案业务分管副总审批decision">
      	<transition to="end1">
			<condition expr="#{path=='yes'}"/>
		</transition>
      	<transition to="预案单位领导审批">
			<condition expr="#{path=='no'}"/>
		</transition>
   </decision>
   
   
   <end g="184,374,48,59" name="end1"/>
</process>