<?xml version="1.0" encoding="UTF-8"?>

<process name="riskDataEdit" xmlns="http://jbpm.org/4.4/jpdl">
   <description>riskWorkFlow</description>
   <start g="282,2,48,48" name="start1">
      <transition to="部门领导风险审批"/>
   </start>
   
   <task assignee="#{AssessPlanApproverEmpId}" form="FHD.view.risk.riskDataEditFlow.ApproveMain" g="199,88,208,52" name="部门领导风险审批">
      <description>{rate:{taskRate:50}}</description>
      <transition to="部门领导风险审批decision"/>
   </task>
   
   <decision g="284,232,48,48" name="部门领导风险审批decision">
      <transition g="583,254;581,98:" to="部门领导风险审批">
			<condition expr="#{path=='no'}"/>
		</transition>
      <transition g="-165,-92" name="to 风险编辑" to="风险编辑">
			<condition expr="#{path=='yes'}"/>
		</transition>
   </decision>
   
   
   <task assignee="#{makePlanEmpId}" form="FHD.view.risk.riskDataEditFlow.DataMain" g="203,344,208,52" name="风险编辑">
      <description>{rate:{taskRate:80}}</description>
      <transition to="end1"/>
   </task>

   <end g="283,463,48,48" name="end1"/>
</process>