<?xml version="1.0" encoding="UTF-8"?>

<process name="riskResponseSimpleSub" xmlns="http://jbpm.org/4.4/jpdl">
   <on event="start">
      <event-listener class="com.fhd.ra.business.assess.formulateplan.ResponsePlanEmpEventListener"/>
   </on>
   
  <description>responseSimple</description>
   <start g="392,16,46,46" name="start1">
      	<transition to="方案制定foreach"/> 
   </start>
   <foreach g="391,114,48,48" in="#{riskTaskEvaluators}" name="方案制定foreach" var="riskTaskEvaluator">
      	<transition to="方案制定"/>
   </foreach>
   <!-- 方案制定 -->
   <task assignee="#{riskTaskEvaluator.riskTaskEvaluatorId}" form="FHD.view.response.bpm.MakeSolutionPlanFormForBpm" g="316,216,200,50" name="方案制定">
   	  	<description>{rate:{taskRate:50,finishRate:90,parentFinishRate:100}}</description>
      	<transition to="join2"/>
   </task>
   <join g="392,315,48,48" multiplicity="#{joinCount}" name="join2">
      <transition to="方案审批"/>
   </join>
   <!-- 方案审批 -->
   <task assignee="#{approvePerson}" form="FHD.view.response.bpm.MakeSolutionPlanFormForBpmApprove" g="316,439,200,50" name="方案审批">
		<description>{rate:{taskRate:90,finishRate:100}}</description>
      	<transition to="end1"/>
   </task>
   <end g="393,556,48,59" name="end1"/>
</process>