<?xml version="1.0" encoding="UTF-8"?>

<process name="riskIdentifyTotal_dept" xmlns="http://jbpm.org/4.4/jpdl">
   <description>simple</description>
   <start g="106,24,48,48" name="start1">
      <transition to="辨识计划制定"/>
   </start>
   
   <!-- 计划制定 -->
   <task assignee="#{makePlanEmpId}" form="FHD.view.risk.riskidentify.RiskIdentifyFormMain" g="233,21,208,52" name="辨识计划制定">
      <description>{rate:{taskRate:10}}</description>
      <transition to="辨识计划审批"/>
   </task>
   
   
   <!-- 计划主管审批 -->
   <task assignee="#{AssessPlanApproverEmpId}" form="FHD.view.risk.riskidentify.approve.RiskIdentifyApproveMain" g="603,21,208,52" name="辨识计划审批">
      <description>{rate:{taskRate:20}}</description>
      <transition to="辨识计划审批decision"/>
   </task>
   <decision g="313,114,48,48" name="辨识计划审批decision">
      	<transition to="承办人分配任务foreach">
			<condition expr="#{path=='yes'}"/>
		</transition>
      	<transition to="辨识计划制定">
			<condition expr="#{path=='no'}"/>
		</transition>
   </decision>
   
   <foreach g="313,213,48,48" in="#{assessPlanTakers}" name="承办人分配任务foreach" var="assessPlanTaker">
      <transition to="辨识任务分配"/>
   </foreach>
   
   <!-- 分配任务 -->
   <task assignee="#{assessPlanTaker.planTakerEmpId}" form="FHD.view.risk.riskidentify.taskset.RiskIdentifyTAskSetMain" g="590,137,240,52" name="辨识任务分配">
   	  <description>{rate:{taskRate:30,finishRate:80}}</description>
      <transition to="风险辨识"/>
   </task>
   
   <!-- 风险辨识 -->
   <sub-process g="598,267,226,52" name="风险辨识" sub-process-key="riskIdentifySub_dept">
   	  <parameter-in subvar="startuserid" var="startuserid"/>
      <parameter-in subvar="businessName" var="businessName"/>
      <parameter-in subvar="businessId" var="businessId"/>
      <parameter-in subvar="id" var="id"/>
      <parameter-in subvar="name" var="name"/>
      <transition to="join1"/>
   </sub-process>
   
   
   <join g="499,265,48,48" multiplicity="#{assessPlanTakersJoinCount}" name="join1">
     <transition to="辨识结果整理"/>
   </join>
   
   <!-- 辨识结果整理 -->
   <task assignee="#{riskManagemer}" form="FHD.view.risk.riskidentify.tidy.IdentifyTidyMain" g="215,263,208,52" name="辨识结果整理">
      <description>{rate:{taskRate:80}}</description>
      <transition to="end1"/>
   </task>
   
   <end g="109,267,48,48" name="end1"/>
</process>