<?xml version="1.0" encoding="UTF-8"?>

<process name="riskAssessSub" xmlns="http://jbpm.org/4.4/jpdl">
   <on event="start">
      <event-listener class="com.fhd.ra.business.assess.formulateplan.AssessEmpEventListener"/>
   </on>
   
   <description>complex</description>
   <start g="83,25,48,48" name="start1">
      	<transition to="风险评估foreach"/> 
   </start>
   <foreach g="181,24,48,48" in="#{riskTaskEvaluators}" name="风险评估foreach" var="riskTaskEvaluator">
      	<transition to="风险评估"/>
   </foreach>
   
   <!-- 风险评估 -->
   <task assignee="#{riskTaskEvaluator.riskTaskEvaluatorId}" form="FHD.view.risk.assess.quaAssess.QuaAssessMan" g="265,23,208,52" name="风险评估">
   	  	<description>{rate:{taskRate:40,finishRate:50,parentFinishRate:80}}</description>
      	<transition to="join2"/>
   </task>
   
   <join g="346,112,48,48" multiplicity="#{joinCount}" name="join2">
      <transition to="评估任务审批"/>
   </join>
   
   <!-- 评估任务审批 -->
   <task assignee="#{approvePerson}" form="FHD.view.risk.assess.AssessApproveSubmit" g="267,205,208,52" name="评估任务审批">
		<description>{rate:{taskRate:50,finishRate:80}}</description>
      	<transition to="评估单位主管审批"/>
   </task>
   
   <!-- 单位主管审批 -->
   <task assignee="#{approveOne}" form="FHD.view.risk.assess.companyManagerApprove.CompanyManagerApproveMain" g="507,208,208,52" name="评估单位主管审批">
      <description>{rate:{taskRate:60,finishRate:80}}</description>
      <transition to="评估单位主管审批decision"/>
   </task>
   <decision g="344,301,48,48" name="评估单位主管审批decision">
      	<transition to="评估单位领导审批">
			<condition expr="#{path=='yes'}"/>
		</transition>
      	<transition to="评估任务审批">
			<condition expr="#{path=='no'}"/>
		</transition>
   </decision>
   
   <!-- 单位领导审批 -->
   <task assignee="#{approveTwo}" form="FHD.view.risk.assess.companyLeadApprove.CompanyLeadApproveMain" g="743,299,208,52" name="评估单位领导审批">
      <description>{rate:{taskRate:65,finishRate:80}}</description>
      <transition to="评估单位领导审批decision"/>
   </task>
   <decision g="587,112,48,48" name="评估单位领导审批decision">
      	<transition to="评估业务分管副总审批">
			<condition expr="#{path=='yes'}"/>
		</transition>
      	<transition to="评估单位主管审批">
			<condition expr="#{path=='no'}"/>
		</transition>
   </decision>
   
   
   <!-- 业务分管副总审批 -->
   <task assignee="#{approveThree}" form="FHD.view.risk.assess.presidentApprove.PresidentApproveMain" g="506,20,208,52" name="评估业务分管副总审批">
      <description>{rate:{taskRate:70,finishRate:80}}</description>
      <transition to="评估业务分管副总审批decision"/>
   </task>
   <decision g="822,22,48,48" name="评估业务分管副总审批decision">
      	<transition to="end1">
			<condition expr="#{path=='yes'}"/>
		</transition>
      	<transition to="评估单位领导审批">
			<condition expr="#{path=='no'}"/>
		</transition>
   </decision>
   
   <end g="923,23,48,59" name="end1"/>
</process>