<?xml version="1.0" encoding="UTF-8"?>

<process name="riskResponseExcute" xmlns="http://jbpm.org/4.4/jpdl">
	<description>riskResponseExcuteMore</description>
	<start g="381,17,46,46" name="start1">
      	<transition to="发起执行"/>
	</start>
	<task assignee="#{startExecuteEmpId}" g="304,115,200,50" name="发起执行">
		<description>{rate:{taskRate:0}}</description>
		<transition to="应对执行"/>
	</task>
	<!-- 应对执行 -->
	<task assignee="#{solutionExecuteEmpId}" form="FHD.view.response.responsplanemore.excute.SolutionExcuteMain" g="305,210,200,50" name="应对执行">
		<description>{rate:{taskRate:30}}</description>
      	<transition to="风险应对主管审批"/>
	</task>
	<!-- 风险评估主管审批 -->
   	<task assignee="#{approveSupervisor}" form="FHD.view.response.responsplanemore.excute.SolutionExcuteApproveBySupervisor" g="305,334,200,50" name="风险应对主管审批">
      	<description>{rate:{taskRate:60}}</description>
      	<transition to="风险应对主管审批decision"/>
   	</task>
   	<decision g="146,335,48,48" name="风险应对主管审批decision">
      	<transition g="169,481:" to="风险应对领导审批">
			<condition expr="#{path=='yes'}"/>
		</transition>
      	<transition g="172,235:" to="应对执行">
			<condition expr="#{path=='no'}"/>
		</transition>
   </decision>
   	<!-- 风险评估领导审批 -->
   	<task assignee="#{approveManager}" form="FHD.view.response.responsplanemore.excute.SolutionExcuteApproveByLeader" g="297,457,200,50" name="风险应对领导审批">
      	<description>{rate:{taskRate:90}}</description>
      	<transition to="风险应对领导审批decision"/>
   	</task>
   	<decision g="629,458,48,48" name="风险应对领导审批decision">
      	<transition g="654,603:" to="end1">
			<condition expr="#{path=='yes'}"/>
		</transition>
      	<transition g="651,361:" to="风险应对主管审批">
			<condition expr="#{path=='no'}"/>
		</transition>
   	</decision>
   	<end g="380,580,46,46" name="end1"/>
</process>